text,id
"@andreagogz NUMBERS OF USA:
Unemployed: 43,257,129 
COVID Cases: 1,797,949 
COVID Deaths: 104,634 
Food Insecure: 76,325,600",1
"@realDon97948902 NUMBERS OF USA:
Unemployed: 43,257,129 
COVID Cases: 1,797,949 
COVID Deaths: 104,634 
Food Insecure: 76,325,600",1
@veronica_helm @KwikWarren He's Covid-19 of USA,1
"@RangersCD @TeamTrump @realDonaldTrump NUMBERS OF USA:
Unemployed: 43,257,129 
COVID Cases: 1,797,949 
COVID Deaths‚Ä¶ https://t.co/nTNOiofO5w",1
Are you making decisions on how to SAFELY reopen your #workplace after #COVID19 closures? We are here to help! Our‚Ä¶ https://t.co/xzL7vhsbG2,1
we all need to join hands together and pray for USA because covid-19 has killed so many of our brothers and sisters‚Ä¶ https://t.co/29Z6QlEMjt,1
"@washingtonpost NUMBERS OF USA:
Unemployed: 43,257,129 
COVID Cases: 1,797,949 
COVID Deaths: 104,634 
Food Insecure: 76,325,600",1
A friend of mine in Armenia told me that elderly people who are passing away they are paying the families money to‚Ä¶ https://t.co/IGya6z0KUq,1
"@BrianaWhitney NUMBERS OF USA:
Unemployed: 43,257,129 
COVID Cases: 1,797,949 
COVID Deaths: 104,634 
Food Insecure: 76,325,600",1
"@TeamTrump @realDonaldTrump NUMBERS OF USA:
Unemployed: 43,257,129 
COVID Cases: 1,797,949 
COVID Deaths: 104,634 
Food Insecure: 76,325,600",1
"@thehill NUMBERS OF USA:
Unemployed: 43,257,129 
COVID Cases: 1,797,949 
COVID Deaths: 104,634 
Food Insecure: 76,325,600",1
"@PressSec @realDonaldTrump @DavidBrodyCBN Blessed??
Obsessed!!  Posessed!! 
The Usa is the most severely affected c‚Ä¶ https://t.co/o1EjUOtxdQ",1
"@marcofeliciano Deixede ser OT√ÅRIO!üêÇ
EUA dizem N√ÉO √† cloroquina!
üëâüèª U.S. hospitals said they have pulled way back o‚Ä¶ https://t.co/xDP6P87sBO",1
"The Real Reason Why!
USA:
Unemployed: 43,257,129 
COVID Cases: 1,797,949 
COVID Deaths: 104,634 
Food Insecure: 76,‚Ä¶ https://t.co/6M3NquVJvq",1
"@POTUS @WhiteHouse @VP

TRUMP COVID PANDEMIC UPDATE - DAY #92 
   1,811,220 Cases (30% worldwide)
       105,432  D‚Ä¶ https://t.co/5MyzbiRNH6",1
"TRUMP COVID PANDEMIC UPDATE - DAY #92 
   1,811,220 Cases (30% worldwide)
       105,432  Deaths (28.6% worldwide)‚Ä¶ https://t.co/Z7ILDC155H",1
"@AdamParkhomenko 105,432 Americans are dead on from COVID. This represents 28.8% of the deaths worldwide, more than‚Ä¶ https://t.co/hW23PhqJDJ",1
Pestilence followed by economic hibernation; covid-19 deaths followed by destitution for many others; churches clos‚Ä¶ https://t.co/V3gtATA89Y,1
3. @realDonaldTrump @POTUS  Go ahead and release your Vicious Dogs/Ominous Weapons. People are 1000x more likely to‚Ä¶ https://t.co/QKPHMDc1gf,1
@ABC7Kevin @Kennedybernie Agree with the protest but remind me how many people are dying with Covid-19 in the USA.‚Ä¶ https://t.co/xFJLo7WEAQ,1
"@LucasCosta1505 @1960Rosane @apbbolsonarista @OsmarTerra EUA dizem N√ÉO √† cloroquina!
üëâüèª U.S. hospitals said they ha‚Ä¶ https://t.co/0PXiQcgo4s",1
"@realDonaldTrump 

TRUMP COVID PANDEMIC UPDATE - DAY #92 
   1,811,220 Cases (30% worldwide)
       105,432  Deaths‚Ä¶ https://t.co/80kPTcfkA8",1
"@BorisJohnson 38,376 deaths on your hands. 2nd place in the world for total COVID-19 deaths.  Only USA has more tha‚Ä¶ https://t.co/0wjfNBB23G",1
@JohnPirate5 @LastGuyLaughing @dbongino No John I‚Äôm not... I‚Äôm dismayed the USA has among the worst numbers against‚Ä¶ https://t.co/fsdQELSctR,1
"Saw this going around and it rings true. 

Stay safe, from more than Covid. @ USA.United States Of America https://t.co/I3VxAvcnKv",1
@JohnHoguePrphcy Predictions of final pope &amp; USA president may happen with BREXIT. Prediction of Scotland taking po‚Ä¶ https://t.co/KwPwu2c1pS,1
@CNN Hahaha what a joke! A man lost his LIFE by police who were supposed to be the PROTECTOR of people!! And if bla‚Ä¶ https://t.co/8q8oeHxNuq,1
"USA COVID-19 stats as of 05:30 PM on May 30, 2020

ü¶† Cases ü¶†: 1,814,311 (+2,770.0)
‚ò†Ô∏è Deaths ‚ò†Ô∏è: 105,480 (+128.0)
U‚Ä¶ https://t.co/5yvjB4jiU6",1
"@RepKirkpatrick Democrat rioters get Covid-19 while destroying America in Democrat controlled cities, Democrat poli‚Ä¶ https://t.co/zq11VAtjmh",1
"@JonPegasus I reported that account. Nearly all his tweets put forward the view that Zionists caused:
Dominic Cummi‚Ä¶ https://t.co/bJXNVV6FZi",1
Countries like Vietnam and South Korea took the Covid-19 issue seriously and reacted swiftly with masks and contain‚Ä¶ https://t.co/gJXeHMYsm1,1
"@ClaireHastie1 @MatthewEFrey @keyeri The only ones I know of are @OpenMedF at Stanford in the USA, who are doing th‚Ä¶ https://t.co/zKVP46LswN",1
"Officially we're at 1.8 Million infected with Covid-19 in USA and 105k people have died because of it. 

So please‚Ä¶ https://t.co/ZjMbqW8fMa",1
Our last Covid-19 delivery in New Berlin today.  What a blessing it has been to volunteer with @KhalsaAid_USA durin‚Ä¶ https://t.co/4xgywfmkEh,1
I couldn‚Äôt even bring myself to watch the launch of SpaceX üêâ today. My blood still boils over the video of what hap‚Ä¶ https://t.co/F9BuGPkuZk,1
@Killamarshtrek @mrdanwalker ffs usa is burning   hong kong is fucked various labour mps just ignored rules  Sir Do‚Ä¶ https://t.co/eVAIyVyGcV,1
@doniveson I read very recently you‚Äôve extended the state of emergency for Edmonton through the summer. Imagine how‚Ä¶ https://t.co/lNklifUev2,1
"So, @Tiffany44541244, this report mentions a preprint which reviewed 100 antibody tests in the USA, with postive fa‚Ä¶ https://t.co/o9da2HXZcU",1
#LaunchAmerica shows how important covid 19 is if this bullshit waste of money is trending. I don't see what this p‚Ä¶ https://t.co/3sQTsBtHxY,1
@SoBoredMp4 @Donnaforgotta @RVeseling @heavnlygolden @bneura_ Also he has takes away the fund from who which is a s‚Ä¶ https://t.co/AJzgs0Lqv6,1
The Canada/USA border closing due to Covid-19 has diabetics in America who rely on Canada for cheap insulin worried‚Ä¶ https://t.co/YfAMtMVTcY,1
"@BBCWorld TheDeadOfHunger=trump is an abusive vulgar.  Of course, the WHO is part of the UN. The performance of the‚Ä¶ https://t.co/cFLNsFOu3D",1
@drnic @dhh @brandonshar Blaming the entire USA for the crimes of a few within a city or state is like saying Austr‚Ä¶ https://t.co/6jnmTewyLl,1
#COVID-19 has taken the back seat now in USA üá∫üá∏...,1
"@littlebighorn09 @MichaelAOShea @curaffairs As an example of the baked in racism in the USA. 
America‚Äôs original si‚Ä¶ https://t.co/CCHRuOeAyf",1
"@thehill Applause, applause !!!!
Great day to celebrate USA 
COVID, protests, riots , unrest, death must all be fak‚Ä¶ https://t.co/i3HgLYCLQP",1
Will #employers that do not offer #workfromhome opportunities be at a disadvantage for #hiring talent post‚Ä¶ https://t.co/q2ByPnL8tc,1
@NadineDorries For ‚Äòbad-tempered‚Äô please read ‚Äòjustifiably furious.‚Äô And there are a lot of us feeling the same way‚Ä¶ https://t.co/9LIlOF9C0c,1
@realDonaldTrump @nytimes @washingtonpost Well Covid-19 is not the number 1 danger in the USA anymore...,1
"Daily increase in the number of infected with COVID-19 in May:
Russia - about 8000 people.
USA - about 22,000 peopl‚Ä¶ https://t.co/9Jhol0QBw8",1
"Trump's new pandemic response team at work.

#maga #Resist #tcot #qanon #wwg1wga #potus #gop #usa #Trump2020‚Ä¶ https://t.co/xftObDwIHJ",1
"By the end of Monday, the 7 leading countries for Covid 19 infection will include:-
- the USA
- Russia
- Brazil
- U‚Ä¶ https://t.co/AuYD9Ylum7",1
@SmashProJJFF @BigLarf covid+can/usa border will def delay mine which is fine cuase you know safety and peoples job‚Ä¶ https://t.co/dmMG8R5pOV,1
"Free Subscription - #IRS reminds taxpayers, businesses, #TaxPros and everyone to subscribe to get email updated on‚Ä¶ https://t.co/Ky7h0SIMag",1
"‚ÄúLife-changing event‚Äù of COVID-19 could alter how we work, spend and retire - USA TODAY https://t.co/PqPjC874WI",1
"@Ann_Kirkpatrick Democrat rioters get Covid-19 while destroying America in Democrat controlled cities, Democrat pol‚Ä¶ https://t.co/Sfmy3jvSPG",1
"Ten days after the Wisconsin Supreme Court struck down all health department rules, Covid-19 is growing faster than‚Ä¶ https://t.co/QqeQFCkN8O",1
Let‚Äôs see how cocky the ignorant selfish protesters are after they test positive for Covid-19. Big spike expected i‚Ä¶ https://t.co/I1iPMnEglQ,1
"Comparing two USA county death rates:

FL Miami-Dade County: 2.7 million &gt; 700 COVID-19 deaths
&gt;&gt; 259 Deaths Per Mi‚Ä¶ https://t.co/E1TaWixcBV",1
@JimBridenstine @NASA @SpaceX Great smoke curtain for something the USA already did in the '60s. 100.000 covid deat‚Ä¶ https://t.co/0UTBFWbQ3k,1
"COVID-19 death rates per million population, per @Worldometers.  Top-10 (i.e., worst 10):  

Belgium 816
Spain 580‚Ä¶ https://t.co/dtnDCSoJm1",1
Tom Frieden thread on COVID in the USA https://t.co/REmWqyf2d9,1
"What's the 2020 timeline now? 
Jan. - WW3 (USA vs. Iran)
Feb. - Wildfires (Australia) 
Mar. - Covid 19 Lockdown Sta‚Ä¶ https://t.co/rLsQ9JnF1Q",1
"Dear Prime Minister Trudeau

I realize you have closed your border to the USA due to Trump's lack of response to CO‚Ä¶ https://t.co/jEwemGrdb8",1
Damn COVID-19 is going to feed fat looking at the protests across the USA.,1
"5/30 USA #Georgia #coronavirus update: 46,286 cases. This is a 1% (616 cases) increase from yesterday. Top 4 counti‚Ä¶ https://t.co/ajAharFC08",1
"USA COVID-19 stats as of 05:00 PM on May 30, 2020

ü¶† Cases ü¶†: 1,811,541 (+355.0)
‚ò†Ô∏è Deaths ‚ò†Ô∏è: 105,352 (+10.0)
Upda‚Ä¶ https://t.co/F7fEDzp324",1
"@isma_usa
FRWRDD as Rcvd
FOR COVID 19
Check this out https://t.co/ODGMwACbBL",1
"#SpaceX historic launch 
#ICantBreathe protests 
Seems like #covid #pandemic is a thing of past in #USA",1
@ec_kag @mccaos111 @Hiqutipie @Usa1cap @MSgt4Life @AngelinaAmica @DuriavigRobert @Tadpole10154654 @ToddTrumpster‚Ä¶ https://t.co/NmeAeXtCIX,1
@BigLarf @SmashProJJFF i know covid+usa/can border will probably mean a monthish but damn im hype.,1
"No hockey still thanks to COVID, but at least I can watch @LZR_JFear play the @IIHFHockey Esports Cup. Nice win ove‚Ä¶ https://t.co/mEp5cR7Xgw",1
"@GloriaG51363456 @StoriesTweet @dbongino Haters.. no I'm not a hater. 
Trump is most probably the worst president i‚Ä¶ https://t.co/vhq2qIsgXH",1
"I see systemic problems and the symptoms that stem from them.

Covid 19 exposed how poor the healthcare system in t‚Ä¶ https://t.co/ftKdIV27rV",1
@OpenSystems_ You know other countries made this type of behaviour during COVID a crime right? Like all other civil‚Ä¶ https://t.co/QPGmflSlLa,1
Drive-in cinemas are making a comeback during COVID-19 | World Economic Forum‚ù§Ô∏è‚ù§Ô∏è‚ù§Ô∏è https://t.co/YDJ2SHm9me,1
Salad is free in USA now but my grandfather (a long march veteran) boiled weeds and leather belts to eat during the‚Ä¶ https://t.co/oicJjt20y2,1
"@NASA @Space_Station @NASAKennedy Meanwhile back on Earth in the USA:
1,811,423 cases of COVID-19
1,178,014 active‚Ä¶ https://t.co/YOO8AmjVuP",1
"@NYCMayor .@SenSchumer @NYGovCuomo and @NYCMayor are the THREE STOOGES OF #COVID19 .

NY is 45% of USA deaths, only‚Ä¶ https://t.co/T6MvvXR7cE",1
Accompanied by an unexpected internal national crisis currently being faced and the absence of any abilities to con‚Ä¶ https://t.co/Hnn3lOerWy,1
"USA save the whole world in Hollywood movies during Pandemic*
After watching covid-19 situation in USA.

Whole worl‚Ä¶ https://t.co/okeXfgVy36",1
"If you're looking for somewhere to hang for the evening, come chill with Sami! Also if you have money to donate (wh‚Ä¶ https://t.co/aZeCgXNXHC",1
"USA. $840,000 bill for covid treatment https://t.co/phLHdJQL75",1
#COVID19Pandemic becomes more challenging now for the world with the higher contributors to daily case increase bei‚Ä¶ https://t.co/7m0GwNmFU7,1
"PRO/AH/EDR&gt; COVID-19 update (220): global, USA, Italy genomic studies, WHO  https://t.co/6K31VPcfD7",1
"@amlivemon Because civil war raging in USA in the midst of covid, clearly. It looks HORRIBLE from the outside, that‚Äôs all I can say.",1
@thehowie @dougmillsnyt @maggieNYT @realDonaldTrump but it has in over 43 countries including the USA .  Hell that‚Ä¶ https://t.co/24wYm3metY,1
"@TurnerDigital @HardingMike @RogerHelmerMEP Britain and the usa have the highest Covid deaths.
That is a fact and i‚Ä¶ https://t.co/BVS3I49duU",1
"@SpaceX üá∫üá∏üá∫üá∏üá∫üá∏üá∫üá∏ Don‚Äôt ever count out America. Only in USA we will record 100k COVID deaths, witness civil riots wi‚Ä¶ https://t.co/YWvybXb8JO",1
"üá∫üá∏üá∫üá∏üá∫üá∏üá∫üá∏ Don‚Äôt ever count out America. Only in USA we will record 100k COVID deaths, witness civil riots with burni‚Ä¶ https://t.co/1UV6EQsiFL",1
"#CoronaVirus Cases - Most affected countries
USA 1,810,937
Brazil 469,510
Russia 396,575
Spain 286,308
UK 272,826
I‚Ä¶ https://t.co/YrdxGCIXGK",1
"I have failed to congratulate  the CEO of Space X, Elon Musk, a South African, for launching a space ship to the in‚Ä¶ https://t.co/Y0siu46Y9x",1
"@ravelesm @politicswatch15 Trump - An utterly horrendous individual.
Police - Far too ready to reach for a gun. Far‚Ä¶ https://t.co/rUxFa1L9tR",1
#COVID_19 is unfairly affecting black communities in the USA. It stems from decades of racism built into American l‚Ä¶ https://t.co/coNzZNRKZJ,1
"COVID-19 USA stats

New cases: +17407
Total cases: 1810937
New deaths: +783
Total deaths: 105325",1
"USA COVID-19 stats as of 04:30 PM on May 30, 2020

ü¶† Cases ü¶†: 1,811,186 (+1,301.0)
‚ò†Ô∏è Deaths ‚ò†Ô∏è: 105,342 (+111.0)
U‚Ä¶ https://t.co/vlbPA0X3o0",1
"@InplayMan @Ridgeboy83 Ok, well USA is currently worst hit my coronavirus and a private company/Elon Musk is flying‚Ä¶ https://t.co/3xGlFXjWFT",1
"1/2
Dear Citizen

I am sharing an experience of well known &amp; successful entrepreneur from Ahmedabad

His son came f‚Ä¶ https://t.co/JCVkvEkTQF",1
"@GOP @TrumpWarRoom First cop
Accused of a HATE CRIME 
in the USA
And a president for crimes against humanity. 102 0‚Ä¶ https://t.co/uaXefeztTm",1
Don't even think of going on holiday to Greece or Spain if you're a Brit. Their governments think our government is‚Ä¶ https://t.co/JJndkksXhY,1
@LodidodiTata @TonyTwellings @UnityNewsNet @McavoyHilary U.K. and USA are two different situations. The US officer‚Ä¶ https://t.co/JrPyq9gKv0,1
@saanichnews Now Canada has to keep borders closed for much longer with all these mass protests happening in the US‚Ä¶ https://t.co/kWy8opHjBe,1
"@Mj1984D @itvnews @heallafdn I read about that earlier, here in the uk people are suffering who rent privately, esp‚Ä¶ https://t.co/fH0fDUgS7z",1
The covid numbers are gonna be huge in a few weeks in the USA. Yikes. #riots2020,1
"@tkd4zgqg A confronting statistic for Americans 

Today 
Deaths from COVID 19 per million population
Australia‚Ä¶ https://t.co/mfs99C3HXa",1
"@RealBarbBee @IWashington @realDonaldTrump A confronting statistic for Americans 

Today 
Deaths from COVID 19 per‚Ä¶ https://t.co/olpn01BEtp",1
"@RepMaxineWaters My thoughts : trump is speculating, that the vaccine to covid 19 will be produced in the USA. His‚Ä¶ https://t.co/yNVBJWujaT",1
@SahilNisar_ @SAMAATV Mentioning meera jee's account of COVID in USA isnt a pressing issue either,1
"So, the president of the united states (@realDonaldTrump)is mentioned numerous times in a Netflix documentary about‚Ä¶ https://t.co/SqcNXTNkth",1
@MayorCarter Y'all can do a COVID lockdown but not a terrorist lockdown? Take control of you city LOCK THEM UP! Straight up terrorism!,1
It's like  USA is now past Covid 19.. There's no regard for social distancing now in the wake of the nation wide pr‚Ä¶ https://t.co/3AEaY56uPo,1
@heatherschwitz5 @LeeHolly81 @realDonaldTrump @MurielBowser America was booming under Trump's record economy before‚Ä¶ https://t.co/1X66L9wQmb,1
Anti USA. Antifa followers and Soros. These are mentally deficient people. Actually dangerous. Their money is proba‚Ä¶ https://t.co/QdRKoIMnhX,1
ProTect-All Solutions is there for you and your team. We can provide point of entry #Covid-19 screenings for anyone‚Ä¶ https://t.co/2IY0iydiUF,1
@RobertBluey @DailySignal @KayColesJames @JCWatts @BobWoodson @StarParker @deana_basswms @deedeewilbon‚Ä¶ https://t.co/okBgvkvFNX,1
@DC_ARVSgt You couldn‚Äôt make such stupidity up.  And do they really think that their March will make the slightest‚Ä¶ https://t.co/PtnkfgDYJP,1
Day 70 of the Covid-19 USA outbreak: I finally got to go back to work! Training is still on course to happen next w‚Ä¶ https://t.co/IH1352xVlP,1
"@realDonaldTrump USA COVID-19 stats as of 04:00 PM on May 30, 2020

ü¶† Cases ü¶†: 1,809,885 (+2,520.0)
‚ò†Ô∏è Deaths ‚ò†Ô∏è: 1‚Ä¶ https://t.co/lFqzEEFw78",1
"@realDonaldTrump @nytimes @washingtonpost USA COVID-19 stats as of 04:00 PM on May 30, 2020

ü¶† Cases ü¶†: 1,809,885 (‚Ä¶ https://t.co/a837LyUcZM",1
"@Suedehead19 @IranLionness @realDonaldTrump @CNN Imma just say this in terms of Covid- South Africa, a poor 3rd wor‚Ä¶ https://t.co/GHDLJYiDno",1
"USA TODAY: 10 questions about the coronavirus that urgently need answers

https://t.co/9ZnDFEmFzM",1
"Countries with more #COVID deaths per 1 million as of May 30

San Marino üá∏üá≤
Belgium üáßüá™
Andorra üá¶üá©
Spain üá™üá∏
Uk üá¨üáß
It‚Ä¶ https://t.co/T4GsNDJbDS",1
"@realDonaldTrump @CNN Are you done with your temper tantrum?
Over 100,000 deaths, and you are still blaming China.‚Ä¶ https://t.co/sJogsJcLiU",1
#ThisIsAmerica #epic #coronavirus #COVID19 #USA #impact #COVID #COVID„Éº19 #corona afraid of ? https://t.co/Gl251SO8em,1
@JustinTrudeau Did I hear yesterday that the Canadian government will be allowing some few Canadians to cross the C‚Ä¶ https://t.co/PP6WqzL73u,1
@LambaAlka @htTweets India is in the List of Developed Countries Bhakths don't hurry it's in the list of Covid-19 c‚Ä¶ https://t.co/Us7BotOS4J,1
@Glad_Vol @shtpostr @LlamaRa1n3 @imELITTE_ @ElijahSchaffer Liberals called him racist when he restricted travel fro‚Ä¶ https://t.co/PFjeVmNOie,1
@johnthejack Nationwide protests in the USA over the murder of George Floyd. How many have died from COVID in UK du‚Ä¶ https://t.co/nlUPerjEVw,1
"Been a little naughty tonight but  who cares. 
On the series side of things i think we're heading for a second wave‚Ä¶ https://t.co/5ARmaj5fD9",1
"@FT ... and there we have it, the solution to the problems of the USA, including joblessness and COVID-19.  Congratulations",1
"Protest for the POC lives being lost in the UK as well as those in the USA, whether it be because of the shambolic‚Ä¶ https://t.co/Po8Z6jUdlS",1
"USA COVID-19 stats as of 04:00 PM on May 30, 2020

ü¶† Cases ü¶†: 1,809,885 (+2,520.0)
‚ò†Ô∏è Deaths ‚ò†Ô∏è: 105,231 (+105.0)
U‚Ä¶ https://t.co/YOHDslVpjM",1
@WhiteHouse Americans should recognize what a great President Trump has been. Historically great by showing what US‚Ä¶ https://t.co/WXpTh5krOL,1
"@realDonaldTrump @CNN Russia has nothing to do w/either. COVID, a possible bio-weapon ""lite"" (to be determined scie‚Ä¶ https://t.co/fG7CeUCn25",1
"@robert_spalding Russia has nothing to do w/either. COVID, a possible bio-weapon ""lite"" (to be determined scientifi‚Ä¶ https://t.co/JTv0defZKP",1
@piersmorgan Shove your social distancing along with your mouth. Do you know first case of covid in USA a chinese w‚Ä¶ https://t.co/2jJR4dprj6,1
"Russia has nothing to do w/either. COVID, a possible bio-weapon ""lite"" (to be determined scientifically by Bio Weap‚Ä¶ https://t.co/fPPCbUxAil",1
@Mazetism @ChocoLacaTaco @SophNar0747 I'm still waiting for the announcment that it was Russia who brought covid-19 into USA.,1
"@politico Oh FTLOG stop it! 

100k+ have died &amp; continue to die from covid.

40k+ unemployed 

There are bread line‚Ä¶ https://t.co/SOgL1XPSER",1
"@bkives Sorry for ""spamming"" your twitter thread Bartley.  I just think that all this country wide bizzare aggressi‚Ä¶ https://t.co/6xM6wPXyDI",1
"During this sensitive period, we must all do our part to prevent and contain the spread of COVID-19. Always have an‚Ä¶ https://t.co/Q9vnQSyzIW",1
"Breath-taking of both police murders &amp; Covid-19 deaths. Wealth- &amp; power- enabling racism, inequity, &amp; divisiveness‚Ä¶ https://t.co/CTvmV18QRb",1
"NEGATIVE RASCIST DATA to put Down BLACKS
Putting Black folks 1st in COVID
First in ANY Health issues
First in pover‚Ä¶ https://t.co/CjBinwFEne",1
@WhiteHouse @realDonaldTrump @NASA @SpaceX USA is out of control with zero national leadership!  No honesty No inte‚Ä¶ https://t.co/4rjsqVagq1,1
@CPHO_Canada Did I hear yesterday that the Canadian government will be allowing some few Canadians to cross the COV‚Ä¶ https://t.co/H2mgVrsJNl,1
"@Charlotte3003G @GongSteve The numbers are not adding up to justify martial law by any generous reading. 
USA 2017-‚Ä¶ https://t.co/Uo2oNYef2m",1
Peaceful protesting is always better then rioting and looting.  Because you still need to find employment in COVID-‚Ä¶ https://t.co/taVLoYn6vl,1
The American people should recognize what a great President Trump has been. Historically great by showing what USA‚Ä¶ https://t.co/dj7n1OMhi3,1
"Where is the lockdown???
Government has opened all the things. 
To save the India from covid-19 Government should‚Ä¶ https://t.co/uvgnZNb6zd",1
@CPHO_Canada Did I hear yesterday that the Canadian government will be allowing some few Canadians to cross the COV‚Ä¶ https://t.co/Ayrar3m5Fb,1
@CPHO_Canada Did I hear yesterday that the Canadian government will be allowing some few Canadians to cross the COV‚Ä¶ https://t.co/XyCAtMmfnl,1
@CPHO_Canada Did I hear yesterday that the Canadian government will be allowing some few Canadians to cross the COV‚Ä¶ https://t.co/mPHL0kFLIY,1
"What a wild year this has been so far.  COVID-19, riots and the USA returns to space.   People, we prove over and o‚Ä¶ https://t.co/GWhEurP5t6",1
"@thecarolemalone Indirectly, he possibly has though. Wasn't the message, ""stay at home, or people will die unnecess‚Ä¶ https://t.co/oybyWt0i7E",1
"Despite all the REALLY BAD üí© happening in the USA right now (Trump, COVID, RACISM, etc.), there are some things we‚Äô‚Ä¶ https://t.co/mwRIzeSrch",1
"@MyohVi @Alec_REI @NinaConCafeina @spieli1960 @keyrodi Same shit, different day. This is the USA, it isnt going to‚Ä¶ https://t.co/3jzcbptkVL",1
"More than 102K tragic deaths from #Covid_19, another horrific &amp; unjust hate-murder, we have a pioneering‚Ä¶ https://t.co/KR7o6PMtSC",1
@NPR Another country USA can use as a pattern to address COVID-19. We could even ask for assistance. Too small of a‚Ä¶ https://t.co/G3NcNtcZl5,1
"With the protests going on in the USA right now, I can‚Äôt help but feel that SOMEONE on the GOP side is sitting and‚Ä¶ https://t.co/RYWnGqncmw",1
@realDonaldTrump @FoxNews @OANN Lifting off soon is absolutly and so amazing true!! But it's not ROCKET LAUNCH. It'‚Ä¶ https://t.co/fWunukBExp,1
"Our newer more durable face shield to help protect from COVID-19. 

Made in the USA in our New Jersey factory with‚Ä¶ https://t.co/P18a1NKcw3",1
"A good scene in the USA with covid 19 today.

Panoramic shot of NASA employees at desks social distancing in masks.‚Ä¶ https://t.co/w7xfTS3pGG",1
"Nigeria: COVID-19, Kogi State Rejects NCDC Results

https://t.co/4QDRYe9jlj #Sony #Toshiba #Michelin #BMW #USA #UBS‚Ä¶ https://t.co/4o0nuam3rj",1
Imagine the USA bar chanting that would be happening if not for COVID,1
@tate_lauryn I'm not silent about this but I still want to point out that my people got blinded and tortured by the‚Ä¶ https://t.co/TNrXHgoSZT,1
@KebabsRLyf @__MaryGelinas__ @cartz29 @rick42nc @taylorswift13 @realDonaldTrump The Wuhan Lv 4 Bio-weapons lab is i‚Ä¶ https://t.co/pvmlxuxlw8,1
"Life is so fucking terrible lately. I've tried a million times to type my thoughts about *current events*, but hone‚Ä¶ https://t.co/oCL9CMDY5n",1
"USA COVID-19 stats as of 03:30 PM on May 30, 2020

ü¶† Cases ü¶†: 1,807,365 (+503.0)
‚ò†Ô∏è Deaths ‚ò†Ô∏è: 105,126 (+58.0)
Upda‚Ä¶ https://t.co/XrihN0Xyrp",1
@ChrissyFireWat1 @libby4adime Look over there at Biden! Meanwhile the death toll from Covid 19 thanks to Trump is o‚Ä¶ https://t.co/L91cdpX5r5,1
Wondering which areas of the country have been most affected by COVID-19? This is a deep dive into the ten areas wh‚Ä¶ https://t.co/bhNaEK3Xbv,1
"#ThisIsAmerica
Please put on the mask, please keep social distance, COVID-19 is not over. More than 20000 people st‚Ä¶ https://t.co/XFn4NoK3Tt",1
"COVID-19 in the USA:
Last updated 05/30/2020 12:13 PM PDT. 
1,806,862 CONFIRMED CASES, up by +13,332 today
  523,06‚Ä¶ https://t.co/G3D04WlcIm",1
"Nigeria: COVID-19, Kogi State Rejects NCDC Results

https://t.co/jJNYQogq3o #Hongkong #spaincoronavirus #body #shop‚Ä¶ https://t.co/ruSMgy3fj9",1
"Most coronavirus COVID-19 deaths:

üá∫üá∏ USA - 105,068
üá¨üáß UK - 38,376
üáÆüáπ Italy - 33,340
üá´üá∑ France - 28,771
üáßüá∑ Brazil -‚Ä¶ https://t.co/L6JSV0XpQD",1
@realDonaldTrump's withdrawal of USA from @WHO appears to be to divert attention from his handling of COVID-19 coz‚Ä¶ https://t.co/GojV9QiyEf,1
check out my gig #amazon #ppc #campaign #ads #fiverr #sales #sponser #fiverr #gig #promotion #keywords #ranking‚Ä¶ https://t.co/ZcLtIyUHKK,1
@NPR @realDonaldTrump's withdrawal of USA from @WHO appears to be to divert attention from his handling of COVID-19‚Ä¶ https://t.co/7R3XM7lpFM,1
"For all the mess that the USA has made of managing the #covid_19, outbreak, I am pretty sure that the best treatmen‚Ä¶ https://t.co/HLKATOjxJQ",1
"No, most of the world agrees that you sir are incompetent, that you are a patalogical liar and that your doing is w‚Ä¶ https://t.co/ZA7gIhdE6i",1
DAY 76: We have officially gone from Covid-19 to Chaos in the USA.‚òπ Sharing the facts and my view right after the S‚Ä¶ https://t.co/l5mpVYwMsM,1
"@fred_guttenberg The next 6 mos. of 2020 &amp; up to the next Presidential Inauguration Day, the USA will fall into the‚Ä¶ https://t.co/CUNOXcaWW9",1
".
How many rioters, who tested positive for Covid-19, went out and got in the face of Police Officers across the US‚Ä¶ https://t.co/qBHl69Dnsx",1
Plan ‚Äî&gt; 2020 Summer Vacation LA &amp; Vegas but thanks to COVID-19 we‚Äôve to stay at home :( ... New plan ‚Äî&gt; Feb. 2021 M‚Ä¶ https://t.co/15BiwBdEOc,1
@CNN how many dead USA from COVID-19 today?,1
An Odia poem from far away - non-resident Odia in the USA to dedicate to the Covid Warriors @CMO_Odisha‚Ä¶ https://t.co/dWh4MUdS8A,1
Interesante: Daily COVID-19 tests per thousand people https://t.co/5s1y3dM6vp,1
@Chrisg19722015 @Himself3909 @DanaMil70590816 @AlbericiSuzanne @renplayw @Onedeplorable1J @Deplorable1520‚Ä¶ https://t.co/5lvUbopbAe,1
I support peaceful protestors who are speaking out against the systemic racism we are all fed up see play out over‚Ä¶ https://t.co/35f3ScKGLq,1
"@enactus_abu COVID-19 Food support Was a great success.

A big thanks to you all who donated. Our very own communit‚Ä¶ https://t.co/Y2DbD6rMgK",1
Doesn‚Äôt @realDonaldTrump have better things to do other than look at Super Duper Rockets? Surely #Covid_19  and the‚Ä¶ https://t.co/vuiE9YTbtw,1
"@_RP_77 @ClarkeMicah More importantly, the author of the article is actually a Doctor who has added deaths to the r‚Ä¶ https://t.co/Rz8BaZ7SIq",1
"@mattpawelk @MikeTanier If you want to know how smart people run a government in this COVID-19 crisis, I suggest st‚Ä¶ https://t.co/VkACq4vPSj",1
"@stan_sdcollins @RayVautier Here in Ontario,  the lake Erie fishers quit at first, as their customers were mostly U‚Ä¶ https://t.co/N6TuaStJGH",1
Please help us PREVENT WILDFIRES to protect the health and safety of firefighters and the public during the COVID-1‚Ä¶ https://t.co/4yBAwz19Tu,1
"ON DEMAND: Watch #workerscomp experts Mike Hessling (Gallagher Bassett), Rich Lenkov (Bryce Downey &amp; Lenkov) &amp; Bria‚Ä¶ https://t.co/HlmY1GfX5F",1
Consumer search behavior is a clear reflection of priorities that people are placing on their purchases. Here are 1‚Ä¶ https://t.co/Yrfn3VZ9vw,1
"USA COVID-19 stats as of 03:00 PM on May 30, 2020

ü¶† Cases ü¶†: 1,806,862 (+697.0)
‚ò†Ô∏è Deaths ‚ò†Ô∏è: 105,068 (+12.0)
Upda‚Ä¶ https://t.co/iZSjpQUJ2C",1
"New #COVID19 cases. Charts via @ftdata 
üò∑ü¶†
Find any country or US state in the live-updating and customisable versi‚Ä¶ https://t.co/UwH3lqmUau",1
This was a reply from someone mentioning the USA not supporting Who anymore. The USA will be feeling the affects of‚Ä¶ https://t.co/9HlbJvzpfC,1
"@Skyking48Ron340 @realDonaldTrump @hgpp_usa Taser?  Rubber bullets?  Live ammo?  

All the while we are still deali‚Ä¶ https://t.co/N7w45Jkx9f",1
"#COVID19 world update: total  cases 5,924,275, deaths - 364,867. 

Active cases keep growing: we have not ""flattene‚Ä¶ https://t.co/DPdg1Og1OG",1
"Organized on social media from locations *Outside the USA*.

Just like the ""Open America"" demonstrations.

China &amp;‚Ä¶ https://t.co/Fd5GLaLm8M",1
"2 deadly virus in @USA is 
1. #Covid_19 
2. #RacismInAmerica",1
"You SOB! This is yet another attempt at blaming anyone but YOU for the pandemic that YOU could have stopped, but to‚Ä¶ https://t.co/8ep6U6Hont",1
"COVID-19 May 29 USA infection by State

USA Daily Survival Rate = 96.0%

World Cases Mild 98%  Serious 2%

USA Tota‚Ä¶ https://t.co/Jt2XXNPP7h",1
"Check out my latest article: BEWARE OF COVID-19 SCAMS,FAKE NEWS,FALSE CLAIMS&amp;amp;PHONY WEB: CORONA DATA BEING USED‚Ä¶ https://t.co/VHaW8ku7DS",1
"This is going so worst . It's modern 2020 &amp; world is fighting with Covid-19 and here USA is repeating racism !!
And‚Ä¶ https://t.co/WN9B52Yjhe",1
"South America, Usa, Russia, African. Contries again suffering from Covid 2019.",1
@Sons_of_Calvary @VoteBlueNov3rd @itsJeffTiedrich @realDonaldTrump First USA ... in Covid-19 Deaths because of a to‚Ä¶ https://t.co/mYFKe0lzvW,1
"@ewarren Please be our next VP. PULEEZE!!! Having you as VP will help everyone feel better, especially after Covid-‚Ä¶ https://t.co/xfnNNhWjlj",1
"USA billionaires increased their net worth by $485 billion in the 10 weeks of Covid 19 in America. That's the Elite, get the drift.",1
"Hyundai sonata 2020 outstanding features
https://t.co/umRcFGsJ1X

#BMW #car #Automotive #automobile #coronavirus‚Ä¶ https://t.co/HRrTL2qIw3",1
"The Making of an Echo Chamber: How the plastic industry exploited anxietyabout COVID-19 to attack reusable bags
GRE‚Ä¶ https://t.co/41g90Cetgt",1
"@realDonaldTrump First you should resign for insisting in violence, you are destroying America,  second the 1000,00‚Ä¶ https://t.co/1jUPgp0MsV",1
@lcyw20 @kureshkuresh @MikeMayoral @AnaKasparian @WHO You‚Äôre wrong.He shut down the flights when the US had no repo‚Ä¶ https://t.co/bFq0WyG2Xk,1
@News24 @itchybyte Yoh yoh yoh. Im just worried if the WHO will be available to survive financially without funds f‚Ä¶ https://t.co/yLbS0tRgNQ,1
"Closures worry Americans who come to Cda for insulin https://t.co/Zf2d6OzAAv 
No you shouldn't be allowed to come t‚Ä¶ https://t.co/IzWwmNJCyL",1
USA TODAY Network: April/May political cartoons https://t.co/CHfKoXc5IM via @usatoday,1
"Good news is no one is talking about covid 19 anymore 

Bad news is looking at this hell hole we call USA. 

Damn c‚Ä¶ https://t.co/45N6hYnbvm",1
"If such a virus can travel from China to as far as USA, don‚Äôt doubt it‚Äôs capability when it‚Äôs already in your own c‚Ä¶ https://t.co/At7Xein8ti",1
@RealPressSecBot Ya know what else the USA is highest in the world besides your alternative facts news? Our Covid c‚Ä¶ https://t.co/OgmV5x8gfV,1
New COVID-19 hot spots emerge across the U.S.: Here's what you need to know (assuming you care):‚Ä¶ https://t.co/OFkfbn0D93,1
"Tribute to covid warriors from DC, USA üôèüôèüôè #BandeUtkalaJanani #CMOodisha #Kalingatv https://t.co/0H11YrwoIw",1
"Hey USA, this is how you protest during covid. https://t.co/5Ec4uF7Bsc",1
"to all of you involved with the current events in the USA,
please be careful outside, and please cover your face no‚Ä¶ https://t.co/0pLrMnoxTw",1
"Here is a video of @Georgetown School of Nursing and Health Studies Commencement 2019 (click below to view).

In 20‚Ä¶ https://t.co/Uyyg3hr68b",1
"Most confirmed cases of coronavirus COVID-19:

üá∫üá∏ USA - 1,806,071
üáßüá∑ Brazil - 469,510
üá∑üá∫ Russia - 396,575
üá™üá∏ Spain‚Ä¶ https://t.co/e8Po5rq40M",1
"@SheilaPicciocca @realDonaldTrump Hey Comrade Hacker, 

That is a false statement.  

How about we look at some REA‚Ä¶ https://t.co/6RfOXf8phJ",1
"Covid19 Stats in USA by State on May 30, 2020

#coronavirus #covid19 #CoronaVirusUpdates #COVID_19 #COVID19Pandemic https://t.co/dN7lvfX63X",1
"USA govt needs to make its people feel safe.  In the midst of COVID-19 and it's destruction, it's a shame what is u‚Ä¶ https://t.co/3aY8bclL3g",1
"#Hope #USA #Trump essentially abandons #WhiteHouse #PandemicResponse #TaskForce, abdicating responsibility death to‚Ä¶ https://t.co/W8t9XHGbdP",1
0,1
0,1
0,1
0,1
0,1
0,1
0,1
0,1
0,1
0,1
0,1
0,1
0,1
0,1
0,1
0,1
0,1
0,1
0,1
0,1
0,1
0,1
0,1
0,1
0,1
0,1
0,1
0,1
0,1
0,1
0,1
0,1
0,1
0,1
0,1
0,1
0,1
0,1
0,1
0,1
0,1
0,1
0,1
0,1
0,1
0,1
0,1
0,1
0,1
0,1
0,1
0,1
0,1
0,1
0,1
0,1
0,1
0,1
0,1
0,1
0,1
0,1
0,1
0,1
0,1
0,1
0,1
0,1
0,1
0,1
0,1
0,1
0,1
0,1
0,1
0,1
0,1
0,1
0,1
0,1
0,1
0,1
0,1
0,1
0,1
0,1
0,1
0,1
0,1
0,1
0,1
0,1
0,1
0,1
0,1
0,1
0,1
0,1
0,1
0,1
0,1
0,1
0,1
0,1
0,1
0,1
0,1
0,1
0,1
0,1
0,1
0,1
0,1
0,1
0,1
0,1
0,1
0,1
0,1
0,1
0,1
0,1
0,1
0,1
0,1
0,1
0,1
0,1
0,1
0,1
0,1
0,1
0,1
0,1
0,1
0,1
0,1
0,1
0,1
0,1
0,1
0,1
0,1
0,1
0,1
0,1
0,1
0,1
0,1
0,1
0,1
0,1
0,1
0,1
0,1
0,1
0,1
0,1
0,1
0,1
0,1
0,1
0,1
0,1
0,1
0,1
0,1
0,1
0,1
0,1
0,1
0,1
0,1
0,1
0,1
0,1
0,1
0,1
0,1
0,1
0,1
0,1
0,1
0,1
0,1
0,1
0,1
0,1
0,1
0,1
0,1
0,1
0,1
0,1
0,1
0,1
0,1
0,1
0,1
0,1
0,1
0,1
0,1
0,1
0,1
0,1
0,1
0,1
0,1
0,1
0,1
0,1
0,1
0,1
0,1
0,1
0,1
0,1
0,1
0,1
0,1
0,1
0,1
0,1
0,1
0,1
0,1
0,1
0,1
0,1
0,1
0,1
0,1
0,1
0,1
0,1
0,1
0,1
0,1
0,1
0,1
0,1
0,1
0,1
0,1
0,1
0,1
0,1
0,1
0,1
0,1
0,1
0,1
0,1
0,1
0,1
0,1
0,1
0,1
0,1
0,1
0,1
0,1
0,1
0,1
0,1
0,1
0,1
0,1
0,1
0,1
0,1
0,1
0,1
0,1
0,1
0,1
0,1
0,1
0,1
0,1
0,1
0,1
0,1
0,1
0,1
0,1
0,1
0,1
0,1
0,1
0,1
0,1
0,1
0,1
0,1
0,1
0,1
0,1
0,1
0,1
0,1
0,1
0,1
0,1
0,1
0,1
0,1
0,1
0,1
0,1
0,1
0,1
0,1
0,1
0,1
0,1
0,1
0,1
0,1
0,1
0,1
0,1
0,1
0,1
0,1
0,1
0,1
0,1
0,1
0,1
0,1
0,1
0,1
0,1
0,1
0,1
0,1
0,1
0,1
0,1
0,1
0,1
0,1
0,1
0,1
0,1
0,1
0,1
0,1
0,1
0,1
0,1
0,1
0,1
0,1
0,1
0,1
0,1
0,1
0,1
0,1
0,1
0,1
0,1
0,1
0,1
0,1
0,1
0,1
0,1
0,1
0,1
0,1
0,1
0,1
0,1
0,1
0,1
0,1
0,1
0,1
0,1
0,1
0,1
0,1
0,1
0,1
0,1
0,1
0,1
0,1
0,1
0,1
0,1
0,1
0,1
0,1
0,1
0,1
0,1
0,1
0,1
0,1
0,1
0,1
0,1
0,1
0,1
0,1
0,1
0,1
0,1
0,1
0,1
0,1
0,1
0,1
0,1
0,1
0,1
0,1
0,1
0,1
0,1
0,1
0,1
0,1
0,1
0,1
0,1
0,1
0,1
0,1
0,1
0,1
0,1
0,1
0,1
0,1
0,1
0,1
0,1
0,1
0,1
0,1
0,1
0,1
0,1
0,1
0,1
0,1
0,1
0,1
0,1
0,1
0,1
0,1
0,1
0,1
0,1
0,1
0,1
0,1
0,1
0,1
0,1
0,1
0,1
0,1
0,1
0,1
0,1
0,1
0,1
0,1
0,1
0,1
0,1
0,1
0,1
0,1
0,1
0,1
0,1
0,1
0,1
0,1
0,1
0,1
0,1
0,1
0,1
0,1
0,1
0,1
0,1
0,1
0,1
0,1
0,1
0,1
0,1
0,1
0,1
0,1
0,1
0,1
0,1
0,1
0,1
0,1
0,1
0,1
0,1
0,1
0,1
0,1
0,1
0,1
0,1
0,1
0,1
0,1
0,1
0,1
0,1
0,1
0,1
0,1
0,1
0,1
0,1
0,1
0,1
0,1
0,1
0,1
0,1
0,1
0,1
0,1
0,1
0,1
0,1
0,1
0,1
0,1
0,1
0,1
0,1
0,1
0,1
0,1
0,1
0,1
0,1
0,1
0,1
0,1
0,1
0,1
0,1
0,1
0,1
0,1
0,1
0,1
0,1
0,1
0,1
0,1
0,1
0,1
0,1
0,1
0,1
0,1
0,1
0,1
0,1
0,1
0,1
0,1
0,1
0,1
0,1
0,1
0,1
0,1
0,1
0,1
0,1
0,1
0,1
0,1
0,1
0,1
0,1
0,1
0,1
0,1
0,1
0,1
0,1
0,1
0,1
0,1
0,1
0,1
0,1
0,1
0,1
0,1
0,1
0,1
0,1
0,1
0,1
0,1
0,1
0,1
0,1
0,1
0,1
0,1
0,1
0,1
0,1
0,1
0,1
0,1
0,1
0,1
0,1
0,1
0,1
0,1
0,1
0,1
0,1
0,1
0,1
0,1
0,1
0,1
0,1
0,1
0,1
0,1
0,1
0,1
0,1
0,1
0,1
0,1
0,1
0,1
0,1
0,1
0,1
0,1
0,1
0,1
0,1
0,1
0,1
0,1
0,1
0,1
0,1
0,1
0,1
0,1
0,1
0,1
0,1
0,1
0,1
0,1
0,1
0,1
0,1
0,1
0,1
0,1
0,1
0,1
0,1
0,1
0,1
0,1
0,1
0,1
0,1
0,1
0,1
0,1
0,1
0,1
0,1
0,1
0,1
0,1
0,1
0,1
0,1
0,1
0,1
0,1
0,1
0,1
0,1
0,1
0,1
0,1
0,1
0,1
0,1
0,1
0,1
0,1
0,1
0,1
0,1
0,1
0,1
0,1
0,1
0,1
0,1
0,1
0,1
0,1
0,1
0,1
0,1
0,1
0,1
0,1
0,1
0,1
0,1
0,1
0,1
0,1
0,1
0,1
0,1
0,1
0,1
0,1
0,1
0,1
0,1
0,1
0,1
0,1
0,1
0,1
0,1
0,1
0,1
0,1
0,1
0,1
0,1
0,1
0,1
0,1
0,1
0,1
0,1
0,1
0,1
0,1
0,1
0,1
0,1
0,1
0,1
0,1
0,1
0,1
0,1
0,1
0,1
0,1
0,1
0,1
0,1
0,1
0,1
0,1
0,1
0,1
0,1
0,1
0,1
0,1
0,1
0,1
0,1
0,1
0,1
0,1
0,1
0,1
0,1
0,1
0,1
0,1
0,1
0,1
0,1
0,1
0,1
0,1
0,1
0,1
0,1
0,1
0,1
0,1
0,1
0,1
0,1
0,1
0,1
0,1
0,1
0,1
0,1
0,1
0,1
0,1
0,1
0,1
0,1
0,1
0,1
0,1
0,1
0,1
0,1
0,1
0,1
0,1
0,1
0,1
0,1
0,1
0,1
0,1
0,1
0,1
0,1
0,1
0,1
0,1
0,1
0,1
0,1
0,1
0,1
0,1
0,1
0,1
0,1
0,1
0,1
0,1
0,1
0,1
0,1
0,1
0,1
0,1
0,1
0,1
0,1
0,1
0,1
0,1
0,1
0,1
0,1
0,1
0,1
0,1
0,1
0,1
0,1
0,1
0,1
0,1
0,1
0,1
0,1
0,1
0,1
0,1
0,1
0,1
0,1
0,1
0,1
0,1
0,1
0,1
0,1
0,1
0,1
0,1
0,1
0,1
0,1
0,1
0,1
0,1
0,1
0,1
0,1
0,1
0,1
0,1
0,1
0,1
0,1
0,1
0,1
0,1
0,1
0,1
0,1
0,1
0,1
0,1
0,1
0,1
0,1
0,1
0,1
0,1
0,1
0,1
0,1
0,1
0,1
0,1
0,1
0,1
0,1
0,1
0,1
0,1
0,1
0,1
0,1
0,1
0,1
0,1
0,1
0,1
0,1
0,1
0,1
0,1
0,1
0,1
0,1
0,1
0,1
0,1
0,1
0,1
0,1
0,1
0,1
0,1
0,1
0,1
0,1
0,1
0,1
0,1
0,1
0,1
0,1
0,1
0,1
0,1
0,1
0,1
0,1
0,1
0,1
0,1
0,1
0,1
0,1
0,1
0,1
0,1
0,1
0,1
0,1
0,1
0,1
0,1
0,1
0,1
0,1
0,1
0,1
0,1
0,1
0,1
0,1
0,1
0,1
0,1
0,1
0,1
0,1
0,1
0,1
0,1
0,1
0,1
0,1
0,1
0,1
0,1
0,1
0,1
0,1
0,1
0,1
0,1
0,1
0,1
0,1
0,1
0,1
0,1
0,1
0,1
0,1
0,1
0,1
0,1
0,1
0,1
0,1
0,1
0,1
0,1
0,1
0,1
0,1
0,1
0,1
0,1
0,1
0,1
0,1
0,1
0,1
0,1
0,1
0,1
0,1
0,1
0,1
0,1
0,1
0,1
0,1
0,1
0,1
0,1
0,1
0,1
0,1
0,1
0,1
0,1
0,1
0,1
0,1
0,1
0,1
0,1
0,1
0,1
0,1
0,1
0,1
0,1
0,1
0,1
0,1
0,1
0,1
0,1
0,1
0,1
0,1
0,1
0,1
0,1
0,1
0,1
0,1
0,1
0,1
0,1
0,1
0,1
0,1
0,1
0,1
0,1
0,1
0,1
0,1
0,1
0,1
0,1
0,1
0,1
0,1
0,1
0,1
0,1
0,1
0,1
0,1
0,1
0,1
0,1
0,1
0,1
0,1
0,1
0,1
0,1
0,1
0,1
0,1
0,1
0,1
0,1
0,1
0,1
0,1
0,1
0,1
0,1
0,1
0,1
0,1
0,1
0,1
0,1
0,1
0,1
0,1
0,1
0,1
0,1
0,1
0,1
0,1
0,1
0,1
0,1
0,1
0,1
0,1
0,1
0,1
0,1
0,1
0,1
0,1
0,1
0,1
0,1
0,1
0,1
0,1
0,1
0,1
0,1
0,1
0,1
0,1
0,1
0,1
0,1
0,1
0,1
0,1
0,1
0,1
0,1
0,1
0,1
0,1
0,1
0,1
0,1
0,1
0,1
0,1
0,1
0,1
0,1
0,1
0,1
0,1
0,1
0,1
0,1
0,1
0,1
0,1
0,1
0,1
0,1
0,1
0,1
0,1
0,1
0,1
0,1
0,1
0,1
0,1
0,1
0,1
0,1
0,1
0,1
0,1
0,1
0,1
0,1
0,1
0,1
0,1
0,1
0,1
0,1
0,1
0,1
0,1
0,1
0,1
0,1
0,1
0,1
0,1
0,1
0,1
0,1
0,1
